COH	DAC	ELOC	HALSTEADLENGHT	HALSTEADVOCABULARY	HALSTEADVOLUME	ID	LCC	LCOM	LOC	MCCABEMETRIC	MPC	NAME	NOA	NOO	NUMBEROFCHILDREN	NUMBEROFIMPORTS	NUMBOFATTRIBUTES	NUMBOFMETHODS	PATTERNROLE	PATTERNTYPE	RFC	TCC
-1	0	27	56	152	281.3373091673915	2	0	1	36	7	6	com.taobao.arthas.agent.ArthasClassloader	0	0	0	2	0	2			8	0
0	3	154	197	1037	1367.9851800212168	1	-1	37	198	30	30	com.taobao.arthas.agent.AgentBootstrap	0	0	0	7	18	10			40	0
-1	0	18	39	75	168.3820364279161	263	0	0	45	2	16	com.taobao.arthas.compiler.DynamicCompilerTest	0	0	0	11	0	1			17	0
0	2	42	78	290	442.25071199248055	258	0	8	80	13	12	com.taobao.arthas.compiler.DynamicCompilerException	0	0	0	3	2	5			17	0
1	1	10	29	52	114.5860678388614	262	0	0	40	4	2	com.taobao.arthas.compiler.StringSource	0	0	0	3	1	2			4	0
0	3	28	50	135	245.2637389219215	260	0	2	68	11	7	com.taobao.arthas.compiler.MemoryByteCode	0	0	0	6	4	5			12	0
0	7	117	140	391	835.6190583979512	257	-1	21	174	29	27	com.taobao.arthas.compiler.DynamicCompiler	0	0	0	13	8	10			37	-1
0	2	56	78	258	433.13084762388615	255	-1	110	103	36	11	com.taobao.arthas.compiler.CustomJavaFileObject	0	0	0	5	3	16			27	-1
0	2	64	107	449	653.4514489884212	261	0	6	111	20	34	com.taobao.arthas.compiler.PackageInternalsFinder	0	0	0	11	2	5			39	0
0	4	74	117	496	726.1693834268166	259	-1	2	126	18	9	com.taobao.arthas.compiler.DynamicJavaFileManager	0	0	0	10	4	5			14	0
0	1	30	58	162	295.08058744347824	256	0	0	63	13	14	com.taobao.arthas.compiler.DynamicClassLoader	0	0	0	3	1	5			19	0
-1	0	135	43	878	291.43880352631004	264	0	1830	319	72	0	com.test.TestLogger1	0	0	1	1	0	61			61	0
-1	0	2	6	6	10.75055681536833	265	-1	0	7	0	0	com.hello.TestLogger2	0	0	0	1	0	0			0	-1
0	2	50	95	318	547.3948813641168	254	-1	4	63	16	14	demo.MathGame	0	0	0	4	2	4			18	-1
-1	0	17	90	168	461.15675814629327	11	0	1	58	2	0	org.apache.commons.net.ProtocolCommandListener	0	0	0	1	0	2			2	0
0	10	587	764	4257	6384.228453892709	13	-1	759	886	167	60	org.apache.commons.net.SocketClient	0	0	1	12	18	50			110	-1
0	5	166	340	1343	2448.904806817901	4	3	6	316	46	12	org.apache.commons.net.DatagramSocketClient	0	0	0	4	6	16	abstraction	Bridge	28	3
0	3	137	170	943	1164.341268047688	9	0	47	201	28	17	org.apache.commons.net.PrintCommandListener	0	0	0	2	4	11			28	0
0	1	19	94	159	476.47699500870175	8	0	1	56	5	0	org.apache.commons.net.MalformedServerReplyException	0	0	0	1	1	2			2	0
0	3	63	162	426	980.8191740956381	12	2	0	134	10	5	org.apache.commons.net.ProtocolCommandSupport	0	0	0	3	3	6			11	2
-1	0	35	76	223	410.945054630969	6	0	3	79	13	0	org.apache.commons.net.DefaultDatagramSocketFactory	0	0	0	3	0	3			3	0
0	4	72	186	597	1188.896583091024	10	-1	7	148	18	1	org.apache.commons.net.ProtocolCommandEvent	0	0	0	1	4	7			8	-1
0	1	136	163	1051	1134.0720714529432	7	1	15	230	45	6	org.apache.commons.net.DefaultSocketFactory	0	0	0	8	1	10			16	1
-1	0	26	86	214	461.4739372918792	5	0	3	69	13	0	org.apache.commons.net.DatagramSocketFactory	0	0	0	3	0	3	implementor	Bridge	3	0
0	2	119	167	684	1090.168972242966	20	0	1	131	7	0	org.apache.commons.net.telnet.TelnetCommand	0	0	0	0	25	3			3	0
0	2	162	226	1184	1599.323762290333	25	0	106	283	51	0	org.apache.commons.net.telnet.TelnetOptionHandler	0	0	5	0	7	17			17	0
0	3	30	73	137	359.1586075854531	15	0	0	62	4	0	org.apache.commons.net.telnet.InvalidTelnetOptionException	0	0	0	0	3	2			2	0
0	9	767	548	2662	4321.984483427371	18	-1	859	1265	158	135	org.apache.commons.net.telnet.Telnet	46	1	1	6	22	47	context	State	182	-1
0	6	426	384	1123	2697.123438619562	22	-1	4	680	58	33	org.apache.commons.net.telnet.TelnetInputStream	0	0	0	4	14	12			45	-1
1	1	78	160	486	989.793379824079	28	1	0	162	10	0	org.apache.commons.net.telnet.WindowSizeOptionHandler	2	1	0	0	3	3			3	1
-1	0	21	75	154	377.7714451810222	17	0	1	52	6	0	org.apache.commons.net.telnet.SuppressGAOptionHandler	2	0	0	0	0	2			2	0
-1	0	12	41	56	165.03941932014112	21	0	0	37	1	0	org.apache.commons.net.telnet.TelnetInputListener	0	0	0	0	0	1	state	State	1	0
0	4	204	471	1504	3445.7811306241088	19	-1	236	414	64	12	org.apache.commons.net.telnet.TelnetClient	19	5	0	4	4	24	context	State	36	0
0	2	98	145	493	899.07383023619	26	-1	0	165	19	6	org.apache.commons.net.telnet.TelnetOutputStream	0	0	0	2	3	6			12	-1
-1	0	21	73	152	366.74327802177817	14	0	1	52	6	0	org.apache.commons.net.telnet.EchoOptionHandler	2	0	0	0	0	2			2	0
0	2	61	151	412	909.1745257517786	27	1	0	112	11	2	org.apache.commons.net.telnet.TerminalTypeOptionHandler	2	1	0	0	4	3			5	1
0	2	78	161	507	1002.7902715781805	24	0	3	193	8	1	org.apache.commons.net.telnet.TelnetOption	0	0	0	0	45	3			4	0
0	1	32	88	197	464.92192812894297	23	0	0	68	1	0	org.apache.commons.net.telnet.TelnetNotificationHandler	0	0	0	0	5	1	state	State	1	0
-1	0	23	82	177	424.444278071054	16	0	1	59	6	0	org.apache.commons.net.telnet.SimpleOptionHandler	2	0	0	0	0	2			2	0
0	2	26	60	115	284.69592770179503	29	2	0	66	8	4	org.apache.commons.net.util.ListenerList	0	0	0	4	2	5			9	2
0	5	241	291	1713	2166.786436012319	3	-1	199	344	50	77	com.taobao.arthas.client.TelnetConsole	0	0	0	31	11	22			99	-1
-1	0	52	114	489	705.9293238001354	239	-1	3	75	15	22	com.taobao.arthas.client.IOUtil	0	0	0	5	0	3			25	0
0	2	23	26	85	115.50893266874823	215	0	9	31	9	0	com.alibaba.arthas.Pojo	0	0	0	0	3	6			6	0
0	1	37	69	192	362.7671806699169	216	-1	3	57	6	10	com.alibaba.arthas.Test	0	0	0	5	3	3			13	-1
0	2	65	85	318	489.774367536315	214	1	0	96	9	2	java.arthas.Spy	0	0	0	1	8	3			5	1
1	1	20	34	89	152.61363657089274	271	0	0	30	2	0	com.taobao.arthas.common.PidUtils	0	0	0	1	1	1			1	0
-1	0	42	66	338	384.3210291018792	245	0	1	59	8	15	com.taobao.arthas.common.SocketUtils	0	0	0	4	0	2			17	0
-1	0	28	46	190	241.36310731938235	253	0	0	30	6	9	com.taobao.arthas.common.UsageRender	0	0	0	0	0	1			10	0
0	2	38	52	182	270.60834772799336	247	-1	0	48	13	4	com.taobao.arthas.common.OSUtils	0	0	0	1	2	4			8	-1
0	2	35	53	149	265.2091542151093	252	2	0	50	18	5	com.taobao.arthas.common.JavaVersionUtils	0	0	0	1	3	9			14	2
0	4	243	180	1391	1302.8000745462198	218	-1	218	289	87	47	com.taobao.arthas.common.AnsiLog	0	0	0	2	22	29			76	-1
-1	0	82	142	528	890.2116722862891	246	-1	10	110	17	17	com.taobao.arthas.common.ExecutingCommand	0	0	0	6	0	5			22	-1
-1	0	95	117	674	762.0479229767399	243	-1	36	138	27	24	com.taobao.arthas.common.IOUtils	0	0	0	14	0	9			33	-1
-1	0	11	20	36	71.6703787691222	228	0	0	19	1	2	com.taobao.arthas.core.util.matcher.TrueMatcherTest	0	0	0	2	0	1			3	0
-1	0	23	33	96	150.6234903184386	229	0	0	36	1	3	com.taobao.arthas.core.util.matcher.WildcardMatcherTest	0	0	0	2	0	1			4	0
-1	0	11	20	36	71.6703787691222	226	0	0	19	1	2	com.taobao.arthas.core.util.matcher.FalseMatcherTest	0	0	0	2	0	1			3	0
-1	0	12	22	41	81.69858546749478	225	0	0	20	1	3	com.taobao.arthas.core.util.matcher.EqualsMatcherTest	0	0	0	2	0	1			4	0
-1	0	46	69	213	369.92915943395036	227	-1	3	63	3	9	com.taobao.arthas.core.util.matcher.RegexMatcherTest	0	0	0	2	0	3			12	0
-1	0	13	30	42	112.13008854850105	197	0	0	18	2	0	com.taobao.arthas.core.util.matcher.TrueMatcher	0	0	0	0	0	1			1	0
-1	0	66	71	375	420.8117478438991	194	0	0	97	1	0	com.taobao.arthas.core.util.matcher.GroupMatcher	0	0	0	3	0	1			1	0
1	1	13	37	56	148.93801255720052	196	0	0	21	4	1	com.taobao.arthas.core.util.matcher.RegexMatcher	0	0	0	0	1	2			3	0
-1	0	11	25	32	86.64339756999317	195	0	0	17	2	0	com.taobao.arthas.core.util.matcher.Matcher	0	0	0	0	0	1	state	State	1	0
-1	0	13	30	42	112.13008854850105	193	0	0	17	2	0	com.taobao.arthas.core.util.matcher.FalseMatcher	0	0	0	0	0	1			1	0
1	1	13	31	47	119.3545756530118	192	0	0	21	3	1	com.taobao.arthas.core.util.matcher.EqualsMatcher	0	0	0	1	1	2			3	0
0	2	84	106	666	689.1367050772812	198	0	0	114	10	4	com.taobao.arthas.core.util.matcher.WildcardMatcher	0	0	0	0	4	3			7	0
-1	0	71	74	332	429.57998769982015	232	-1	55	117	21	54	com.taobao.arthas.core.util.TypeRenderUtilsTest	0	0	0	5	0	11			65	0
0	1	16	30	59	122.3261233171716	223	-1	1	40	3	4	com.taobao.arthas.core.util.ArrayUtilsTest	0	0	0	4	1	2			6	0
-1	0	22	30	75	129.5246434060893	224	-1	1	32	2	6	com.taobao.arthas.core.util.ArthasCheckUtilsTest	0	0	0	2	0	2			8	0
0	1	293	321	1311	2304.313100288148	222	-1	990	415	51	112	com.taobao.arthas.core.util.StringUtilsTest	0	0	0	9	1	45			157	0
0	2	60	69	290	391.22178368565585	234	-1	0	118	19	45	com.taobao.arthas.core.util.FileUtilsTest	0	0	0	17	2	10			55	2
-1	0	54	61	251	337.05262928703877	230	-1	6	126	6	11	com.taobao.arthas.core.util.TokenUtilsTest	0	0	0	7	0	4			15	0
-1	0	13	25	47	96.25369004275146	235	-1	1	28	4	8	com.taobao.arthas.core.util.DateUtilsTest	0	0	0	4	0	2			10	0
0	2	71	100	420	604.0254711277414	169	-1	19	106	14	11	com.taobao.arthas.core.util.ArthasBanner	0	0	0	9	9	7			18	-1
1	1	20	34	89	152.61363657089274	231	0	0	32	2	0	com.taobao.arthas.core.util.ApplicationUtils	0	0	0	1	1	1			1	0
-1	0	26	61	153	306.85671320493856	236	-1	6	64	10	32	com.taobao.arthas.core.util.ClassUtils	0	0	0	5	0	4			36	-1
0	3	98	105	481	648.466063361105	176	-1	8	131	12	8	com.taobao.arthas.core.util.LogUtil	0	0	0	6	7	5			13	-1
-1	0	109	127	732	837.6641252730865	179	-1	55	139	34	35	com.taobao.arthas.core.util.SearchUtils	0	0	0	8	0	11			46	-1
-1	0	145	187	993	1290.4366341764473	250	-1	1	202	14	47	com.taobao.arthas.core.util.Decompiler	0	0	0	26	0	2			49	-1
0	1	53	83	402	497.7055233553788	175	-1	1	68	10	13	com.taobao.arthas.core.util.IPUtils	0	0	0	3	2	2			15	-1
1	1	28	79	172	406.65206366826277	168	0	0	34	6	1	com.taobao.arthas.core.util.ArrayUtils	0	0	0	0	1	1			2	0
-1	0	133	218	1116	1529.8163391611938	173	-1	15	166	29	20	com.taobao.arthas.core.util.FileUtils	0	0	0	5	0	6			26	-1
-1	1	38	47	106	219.18163742326715	171	-1	0	57	0	0	com.taobao.arthas.core.util.Constants	0	0	0	3	9	0			0	-1
-1	0	125	151	785	1006.5182413851436	184	-1	91	165	43	57	com.taobao.arthas.core.util.TypeRenderUtils	0	0	0	13	0	14			71	-1
-1	0	76	87	467	534.7306454171941	183	-1	10	87	26	16	com.taobao.arthas.core.util.TokenUtils	0	0	0	2	0	5			21	0
0	2	609	250	4668	2112.1214983516115	178	-1	703	672	153	58	com.taobao.arthas.core.util.ObjectUtils	0	0	0	2	8	38			96	-1
-1	0	29	48	187	251.09321360902015	267	-1	1	41	8	9	com.taobao.arthas.core.util.ClassLoaderUtils	0	0	0	3	0	2			11	-1
0	2	326	423	1698	3145.9382931865566	182	-1	89	433	57	96	com.taobao.arthas.core.util.ThreadUtil	0	0	0	5	2	14			110	-1
0	1	14	34	53	134.98992506077215	172	0	1	22	5	2	com.taobao.arthas.core.util.DateUtils	0	0	0	2	1	2			4	0
0	2	172	233	1244	1660.378334678696	177	-1	6	205	21	37	com.taobao.arthas.core.util.NetUtils	0	0	0	9	4	4			41	0
0	3	731	770	4909	6544.095661224701	180	-1	1653	893	230	193	com.taobao.arthas.core.util.StringUtils	0	0	0	7	9	58			251	-1
0	2	87	124	582	789.4423355186983	185	-1	0	116	8	13	com.taobao.arthas.core.util.UserStatUtil	0	0	0	8	3	4			17	-1
0	4	178	350	1352	2523.2690898110186	221	-1	85	271	49	21	com.taobao.arthas.core.util.ThreadLocalRandom	0	0	0	6	10	14			35	-1
-1	0	32	83	277	466.7934530135491	170	-1	1	57	7	2	com.taobao.arthas.core.util.ArthasCheckUtils	0	0	0	0	0	2			4	-1
0	1	94	178	762	1181.1984869122232	174	-1	10	152	25	10	com.taobao.arthas.core.util.IOUtils	0	0	0	6	2	5			15	-1
0	1	26	50	103	231.7364494114818	181	1	0	35	9	8	com.taobao.arthas.core.util.ThreadLocalWatch	0	0	0	0	1	5	receiver	Command	13	1
-1	0	39	102	260	567.1895263635838	233	0	1	72	9	4	com.taobao.arthas.core.testtool.TestUtils	0	0	0	9	0	2			6	0
-1	0	126	194	1141	1365.6941078732427	213	-1	190	269	23	46	com.taobao.arthas.core.view.ObjectViewTest	0	0	0	8	0	20			66	0
0	3	126	150	924	1024.3068107462525	205	0	0	194	36	69	com.taobao.arthas.core.view.ClassInfoView	0	0	0	6	3	9			78	0
1	1	30	66	158	334.13127217977984	206	1	0	57	8	12	com.taobao.arthas.core.view.KVView	0	0	0	2	1	4	proxy	Proxy	16	1
0	3	32	63	160	319.7359503597311	207	0	0	65	7	4	com.taobao.arthas.core.view.LadderView	0	0	0	3	4	2			6	0
0	3	240	243	1344	1750.4275416231922	211	-1	6	316	30	33	com.taobao.arthas.core.view.TreeView	0	0	0	5	9	8			41	1
0	2	56	93	343	542.9089315864323	208	0	0	91	22	32	com.taobao.arthas.core.view.MethodInfoView	0	0	0	4	2	6			38	0
0	4	261	290	1264	2071.190606664973	210	1	56	374	48	32	com.taobao.arthas.core.view.TableView	0	0	0	9	7	16	realsubject	Proxy	48	1
0	8	511	307	2494	2401.2444397556746	204	-1	2969	732	208	118	com.taobao.arthas.core.view.Ansi	0	0	0	2	16	102			220	-1
-1	0	9	18	22	55.63876416044969	212	0	0	14	1	0	com.taobao.arthas.core.view.View	0	0	0	0	0	1			1	0
0	4	448	343	1847	2579.812067208339	209	1	0	666	23	30	com.taobao.arthas.core.view.ObjectView	0	0	0	9	6	7			37	1
0	1	154	202	934	1381.5742405222263	61	0	52	225	43	74	com.taobao.arthas.core.command.hidden.OptionsCommand	11	2	0	29	2	13			87	0
-1	0	9	41	49	159.5646322225357	62	0	0	24	1	3	com.taobao.arthas.core.command.hidden.ThanksCommand	0	1	0	6	0	1			4	0
-1	0	11	35	46	134.00244887711833	60	0	1	105	3	3	com.taobao.arthas.core.command.hidden.JulyCommand	1	1	0	5	0	2			5	0
1	1	22	41	75	177.01701265498872	57	0	0	30	3	0	com.taobao.arthas.core.command.express.ExpressException	0	0	0	0	1	2			2	0
0	1	24	48	91	216.5212563128088	58	0	3	29	6	3	com.taobao.arthas.core.command.express.ExpressFactory	0	0	0	0	1	3			6	0
0	1	32	62	208	330.9273609414817	55	0	1	43	8	7	com.taobao.arthas.core.command.express.CustomClassResolver	0	0	0	3	2	2	singleton	Singleton	9	0
-1	0	37	49	123	235.79703341324844	56	0	10	52	12	0	com.taobao.arthas.core.command.express.Express	0	0	0	0	0	5			5	0
0	2	30	59	187	308.6354083944206	237	0	0	45	7	5	com.taobao.arthas.core.command.express.ClassLoaderClassResolver	0	0	0	3	2	2			7	0
0	4	45	81	222	437.6168679316546	59	-1	7	70	16	9	com.taobao.arthas.core.command.express.OgnlExpress	0	0	0	7	4	7			16	-1
-1	0	15	43	66	180.15515390713628	51	0	1	37	3	14	com.taobao.arthas.core.command.basic1000.SessionCommand	1	1	0	10	0	2			16	0
-1	0	21	53	112	250.08044017864	52	0	0	39	3	8	com.taobao.arthas.core.command.basic1000.ShutdownCommand	0	1	0	10	0	1			9	0
0	1	59	121	418	730.2932533354955	49	0	1	89	11	24	com.taobao.arthas.core.command.basic1000.KeymapCommand	1	1	0	18	1	2			26	0
0	1	65	111	398	664.4961725865726	48	-1	19	110	20	34	com.taobao.arthas.core.command.basic1000.HelpCommand	5	2	0	24	1	7			41	0
-1	0	6	21	30	71.42514501490527	268	0	0	18	1	3	com.taobao.arthas.core.command.basic1000.PwdCommand	0	1	0	5	0	1			4	0
0	1	38	93	226	504.10975493232263	249	-1	4	77	8	19	com.taobao.arthas.core.command.basic1000.SystemEnvCommand	2	2	0	16	1	4			23	0
-1	0	9	24	31	82.41569290764352	54	0	0	22	1	3	com.taobao.arthas.core.command.basic1000.VersionCommand	0	1	0	5	0	1			4	0
0	2	28	79	157	399.44341862251633	50	0	0	60	5	7	com.taobao.arthas.core.command.basic1000.ResetCommand	2	1	0	14	2	3			10	0
0	3	50	97	395	579.9519191954089	269	0	2	85	9	11	com.taobao.arthas.core.command.basic1000.CatCommand	2	2	0	16	3	4			15	0
-1	0	6	19	28	63.311885693328875	47	0	0	17	1	3	com.taobao.arthas.core.command.basic1000.ClsCommand	0	1	0	5	0	1			4	0
0	1	55	129	385	767.9683901231242	53	-1	6	93	11	21	com.taobao.arthas.core.command.basic1000.SystemPropertyCommand	3	2	0	15	2	5			26	0
0	2	40	96	297	546.5982853250591	251	0	0	76	7	12	com.taobao.arthas.core.command.basic1000.HistoryCommand	2	1	0	14	2	3			15	0
-1	1	15	96	281	541.2820482560396	45	-1	0	48	0	0	com.taobao.arthas.core.command.Constants	0	0	0	0	6	0			0	-1
-1	0	75	61	343	356.1015572771223	46	-1	0	118	0	0	com.taobao.arthas.core.command.ScriptSupportCommand	0	0	0	1	0	0			0	-1
1	1	48	68	184	354.61563151741103	44	0	0	95	3	2	com.taobao.arthas.core.command.BuiltinCommandPack	0	0	0	37	1	2			4	0
0	3	57	119	309	682.2676119508318	83	0	58	108	23	6	com.taobao.arthas.core.command.monitor200.StackCommand	10	3	0	10	5	13			19	0
1	1	14	34	55	136.24932829790401	74	0	0	25	2	1	com.taobao.arthas.core.command.monitor200.DashboardInterruptHandler	1	1	0	3	1	2			3	0
0	5	43	100	303	571.3732805509369	82	-1	6	70	13	22	com.taobao.arthas.core.command.monitor200.StackAdviceListener	2	3	0	9	5	5	context	State	27	0
0	2	28	44	104	204.3531995622204	91	1	3	41	9	4	com.taobao.arthas.core.command.monitor200.TraceEntity	0	0	0	3	2	6			10	1
0	4	104	211	608	1352.5469000948613	93	0	344	190	50	8	com.taobao.arthas.core.command.monitor200.WatchCommand	24	4	0	13	12	28	receiver	Command	36	0
0	4	64	133	433	807.4081178243312	92	1	0	99	25	40	com.taobao.arthas.core.command.monitor200.WatchAdviceListener	5	3	0	10	4	8	context	State	48	1
0	2	132	185	929	1264.31011668056	88	-1	105	222	41	75	com.taobao.arthas.core.command.monitor200.TimeTunnelTable	0	0	0	17	2	15			90	-1
0	3	22	30	81	131.83347464017316	85	0	0	33	7	0	com.taobao.arthas.core.command.monitor200.TimeFragment	0	0	0	2	3	4			4	0
0	5	170	263	1242	1873.7377830357705	79	-1	13	305	19	22	com.taobao.arthas.core.command.monitor200.MonitorAdviceListener	2	5	0	17	5	7	context	State	29	0
0	4	102	179	662	1162.6525345127245	75	0	26	158	20	31	com.taobao.arthas.core.command.monitor200.EnhancerCommand	6	2	6	19	5	8	abstractClass	Template Method	39	0
0	6	392	429	1897	3238.1044281021213	273	-1	387	520	79	138	com.taobao.arthas.core.command.monitor200.MBeanCommand	28	2	0	51	9	30			168	-1
0	6	283	398	1936	3012.2149485989357	73	-1	198	422	49	98	com.taobao.arthas.core.command.monitor200.DashboardCommand	20	1	0	35	10	21			119	-1
-1	0	8	22	28	73.30849922385448	81	0	0	13	1	0	com.taobao.arthas.core.command.monitor200.PathTraceAdviceListener	1	0	0	1	0	1			1	0
0	4	106	175	606	1121.2039975621299	90	0	123	174	40	16	com.taobao.arthas.core.command.monitor200.TraceCommand	16	3	0	16	7	19			35	0
0	3	69	138	390	823.3282499990695	80	0	85	121	25	12	com.taobao.arthas.core.command.monitor200.MonitorCommand	12	3	0	11	5	15			27	0
0	5	99	199	672	1295.5414097641067	84	0	12	155	20	33	com.taobao.arthas.core.command.monitor200.ThreadCommand	8	1	0	21	5	9			42	0
0	8	339	456	2199	3509.265643692971	87	0	536	496	86	130	com.taobao.arthas.core.command.monitor200.TimeTunnelCommand	36	4	0	28	20	40			170	0
0	4	51	107	311	614.157841603178	86	-1	6	97	14	26	com.taobao.arthas.core.command.monitor200.TimeTunnelAdviceListener	2	3	0	13	4	5	context	State	31	0
0	4	67	122	443	743.4155119455065	71	1	2	96	19	34	com.taobao.arthas.core.command.monitor200.AbstractTraceAdviceListener	4	4	2	6	4	8	context	State	42	1
0	2	43	116	259	644.5920551571463	77	0	47	91	18	0	com.taobao.arthas.core.command.monitor200.GroovyScriptCommand	8	3	0	10	4	11			11	0
1	2	45	87	288	492.6775617718273	76	2	0	76	11	8	com.taobao.arthas.core.command.monitor200.GroovyAdviceListener	1	5	0	5	2	6			14	2
-1	0	23	53	130	257.97932587414584	89	-1	6	41	8	7	com.taobao.arthas.core.command.monitor200.TraceAdviceListener	4	0	0	3	0	4			11	0
0	8	152	203	864	1372.5992720672232	78	0	99	238	46	90	com.taobao.arthas.core.command.monitor200.JvmCommand	14	1	0	18	8	15			105	0
0	2	93	165	660	1071.2195727783778	70	0	24	174	21	50	com.taobao.arthas.core.command.klass100.SearchMethodCommand	7	2	0	27	4	9			59	0
0	3	59	163	466	1001.5022583624802	238	0	0	106	14	17	com.taobao.arthas.core.command.klass100.OgnlCommand	4	1	0	16	4	5			22	0
0	3	92	197	740	1301.5100866810485	266	-1	28	157	20	27	com.taobao.arthas.core.command.klass100.MemoryCompilerCommand	7	2	0	24	5	9			36	-1
0	2	441	473	3241	3823.560397085952	64	-1	238	590	72	156	com.taobao.arthas.core.command.klass100.ClassLoaderCommand	24	1	0	34	7	25			181	0
0	4	97	181	768	1202.5259416997287	68	0	6	151	12	29	com.taobao.arthas.core.command.klass100.RedefineCommand	3	2	0	22	4	5			34	0
0	4	59	107	316	615.8644168537996	63	1	0	89	17	14	com.taobao.arthas.core.command.klass100.ClassDumpTransformer	0	0	0	11	5	5			19	1
0	3	56	141	360	829.940668434472	69	-1	26	113	15	19	com.taobao.arthas.core.command.klass100.SearchClassCommand	7	2	0	20	5	9			28	0
0	4	140	263	1021	1822.205446177307	67	-1	29	225	28	60	com.taobao.arthas.core.command.klass100.JadCommand	9	2	0	33	7	11			71	0
0	4	100	248	794	1655.9166983892896	66	0	19	182	18	42	com.taobao.arthas.core.command.klass100.GetStaticCommand	9	1	0	31	7	10			52	0
0	3	96	216	694	1413.1739434694698	65	0	23	171	24	49	com.taobao.arthas.core.command.klass100.DumpClassCommand	8	2	0	29	5	10			59	0
0	7	134	202	746	1336.1745712411596	96	-1	23	190	26	40	com.taobao.arthas.core.server.ArthasBootstrap	0	0	0	22	8	10	context	State	50	-1
0	4	99	112	467	688.3888768589165	94	0	104	142	32	18	com.taobao.arthas.core.config.Configure	0	0	0	6	9	16			34	0
0	1	147	177	882	1200.447993913202	95	1	0	243	28	35	com.taobao.arthas.core.config.FeatureCodec	0	0	0	7	3	6			41	1
-1	0	29	41	83	181.17246491966054	39	0	3	43	4	0	com.taobao.arthas.core.advisor.CodeLock	0	0	0	0	0	3			3	0
0	14	688	500	2454	3902.737312635428	36	-1	779	998	128	221	com.taobao.arthas.core.advisor.AdviceWeaver	0	0	0	16	34	50	context	State	271	-1
-1	0	170	204	580	1298.0577331222548	42	-1	136	233	47	35	com.taobao.arthas.core.advisor.ReflectAdviceListenerAdapter	0	0	6	9	0	17	abstractClass	Template Method	52	-1
-1	0	32	44	149	220.1736374616002	41	0	3	57	7	0	com.taobao.arthas.core.advisor.InvokeTraceable	0	0	0	0	0	3			3	0
-1	0	48	64	279	360.3975540365674	34	0	10	74	10	0	com.taobao.arthas.core.advisor.AdviceListener	0	0	0	0	0	5			5	0
0	7	252	302	1923	2283.6158071678115	40	-1	58	394	57	75	com.taobao.arthas.core.advisor.Enhancer	0	0	0	25	8	13			88	-1
-1	0	15	36	114	170.50314414220185	35	0	10	42	10	0	com.taobao.arthas.core.advisor.AdviceListenerAdapter	0	0	0	0	0	5			5	0
0	8	80	112	405	672.4353515159323	33	1	25	150	34	0	com.taobao.arthas.core.advisor.Advice	0	0	0	0	13	14			14	1
0	3	59	96	269	537.0922924417765	37	-1	0	98	21	11	com.taobao.arthas.core.advisor.ArthasMethod	0	0	0	3	5	10			21	-1
-1	0	9	23	29	77.4478040896889	43	0	0	22	1	0	com.taobao.arthas.core.advisor.TracingAsmCodeLock	1	0	0	1	0	1			1	0
0	4	70	97	358	570.411699680868	38	-1	12	118	15	8	com.taobao.arthas.core.advisor.AsmCodeLock	0	0	1	2	5	8			16	-1
0	2	64	93	252	514.2369051385624	187	-1	4	100	17	14	com.taobao.arthas.core.util.affect.EnhancerAffect	7	1	0	6	3	8			22	1
0	1	17	41	61	168.54582843110578	186	-1	1	27	5	3	com.taobao.arthas.core.util.affect.Affect	0	0	2	1	1	2			5	-1
0	1	29	52	102	240.49858629078207	188	1	0	45	9	6	com.taobao.arthas.core.util.affect.RowAffect	4	1	0	1	1	5			11	1
0	2	60	106	321	611.7727590517817	191	1	0	90	18	13	com.taobao.arthas.core.util.collection.ThreadUnsafeGaStack	0	0	0	3	4	8			21	1
-1	0	10	25	33	87.412689036662	189	0	6	18	4	0	com.taobao.arthas.core.util.collection.GaStack	0	0	0	0	0	4			4	0
0	2	39	65	172	334.5871409928744	190	1	0	60	14	4	com.taobao.arthas.core.util.collection.ThreadUnsafeFixGaStack	0	0	0	1	4	7			11	1
0	1	296	419	2491	3276.764156894854	202	-1	171	451	97	65	com.taobao.arthas.core.util.reflect.FieldUtils	0	0	0	9	1	19			84	-1
-1	0	214	245	1514	1794.0150563293614	201	-1	36	321	37	58	com.taobao.arthas.core.util.reflect.ArthasReflectUtils	0	0	0	16	0	9			67	-1
0	2	28	65	128	315.3819671547751	200	2	0	45	9	3	com.taobao.arthas.core.util.metrics.SumRateCounter	0	0	0	0	2	5			8	2
0	3	68	128	371	757.2738640137517	199	1	3	92	19	12	com.taobao.arthas.core.util.metrics.RateCounter	0	0	0	3	4	6			18	1
0	1	99	126	685	822.7067736210404	203	-1	13	143	18	40	com.taobao.arthas.core.util.usage.StyledUsageFormatter	0	0	0	12	1	6			46	-1
0	1	87	167	576	1061.4699793362138	30	0	10	120	17	39	com.taobao.arthas.core.Arthas	0	0	0	14	2	5			44	0
-1	2	37	153	302	873.695333658355	31	-1	0	102	0	0	com.taobao.arthas.core.GlobalOptions	0	0	0	0	8	0			0	-1
-1	0	29	89	165	454.42914717715166	102	0	10	44	11	0	com.taobao.arthas.core.shell.cli.Completion	0	0	0	2	0	5	decorated	Decorator	5	0
-1	0	266	234	1617	1728.868719141043	103	-1	55	323	43	111	com.taobao.arthas.core.shell.cli.CompletionUtils	0	0	0	19	0	11			122	-1
-1	0	18	37	68	156.12178509151596	100	0	6	23	9	0	com.taobao.arthas.core.shell.cli.CliToken	0	0	0	0	0	4			4	0
-1	0	29	53	121	254.1768989166273	101	0	3	40	6	1	com.taobao.arthas.core.shell.cli.CliTokens	0	0	0	2	0	3			4	0
0	2	95	128	351	750.1806366036308	104	2	29	127	37	24	com.taobao.arthas.core.shell.cli.impl.CliTokenImpl	0	0	0	4	3	14			38	2
0	4	94	96	441	584.5483080428972	121	-1	185	121	45	21	com.taobao.arthas.core.shell.future.Future	0	0	0	1	5	23	context	State	44	-1
0	3	35	72	179	373.49177802053435	120	0	0	57	11	10	com.taobao.arthas.core.shell.command.internal.WordCountHandler	2	2	0	5	4	4			14	0
-1	0	6	16	16	44.3614195558365	113	0	0	11	1	0	com.taobao.arthas.core.shell.command.internal.CloseFunction	0	0	0	1	0	1			1	0
0	1	39	70	201	371.2313435641353	116	0	0	58	10	9	com.taobao.arthas.core.shell.command.internal.RedirectHandler	3	1	0	6	1	4			13	0
0	1	12	30	49	116.7546089433188	115	0	1	22	4	1	com.taobao.arthas.core.shell.command.internal.PlainTextHandler	0	2	1	3	1	2			3	0
1	1	14	31	50	121.27271316827253	119	0	0	22	3	1	com.taobao.arthas.core.shell.command.internal.TermHandler	1	1	0	1	1	2	context	State	3	0
0	2	33	65	179	337.18007737964905	114	0	0	52	8	17	com.taobao.arthas.core.shell.command.internal.GrepHandler	1	2	0	6	3	3			20	0
-1	0	7	17	18	49.136319884234794	117	0	0	13	1	0	com.taobao.arthas.core.shell.command.internal.StatisticsFunction	0	0	0	1	0	1			1	0
-1	0	45	65	274	364.85332691522456	118	-1	3	55	14	8	com.taobao.arthas.core.shell.command.internal.StdoutHandler	0	0	4	4	0	3			11	0
-1	0	39	96	230	522.0556136566267	107	0	10	61	12	1	com.taobao.arthas.core.shell.command.CommandBuilder	0	0	1	4	0	5	creator	Factory Method	6	0
-1	0	10	28	34	98.73809468925252	110	0	0	15	2	0	com.taobao.arthas.core.shell.command.CommandResolver	0	0	0	1	0	1			1	0
0	1	51	93	255	515.3375096997336	109	-1	9	73	13	8	com.taobao.arthas.core.shell.command.CommandRegistry	0	0	0	4	1	6			14	-1
-1	0	34	78	169	400.13209976399975	106	0	10	53	10	2	com.taobao.arthas.core.shell.command.Command	0	0	1	6	0	5	adaptee	(Object)Adapter	7	0
-1	0	30	73	152	366.74327802177817	105	0	6	47	7	2	com.taobao.arthas.core.shell.command.AnnotatedCommand	0	0	29	4	0	4			6	0
-1	0	116	165	553	1042.0340702511853	108	0	276	170	46	0	com.taobao.arthas.core.shell.command.CommandProcess	0	0	0	8	0	24	state	State	24	0
0	4	48	66	268	369.0051407137165	112	0	6	73	7	0	com.taobao.arthas.core.shell.command.impl.CommandBuilderImpl	1	3	0	7	4	4			4	0
0	3	88	86	471	529.3177960854119	111	1	0	115	23	28	com.taobao.arthas.core.shell.command.impl.AnnotatedCommandImpl	4	4	0	10	3	8			36	1
-1	0	28	61	117	290.49261002266314	97	0	10	44	8	0	com.taobao.arthas.core.shell.Shell	0	0	0	5	0	5			5	0
0	4	97	139	461	852.5423279765341	99	1	50	126	25	0	com.taobao.arthas.core.shell.ShellServerOptions	0	0	0	2	11	13			13	1
-1	0	66	142	432	861.7164335306637	98	-1	45	105	24	2	com.taobao.arthas.core.shell.ShellServer	0	0	1	7	0	10	abstractClass	Template Method	12	-1
-1	0	130	125	505	778.06980365942	151	0	351	177	45	0	com.taobao.arthas.core.shell.system.Process	0	0	0	4	0	27	state	State	27	0
-1	0	78	113	339	658.3380121339908	149	0	120	113	34	0	com.taobao.arthas.core.shell.system.Job	0	0	0	3	0	16			16	0
-1	0	32	81	164	413.0891806537601	150	0	10	51	8	0	com.taobao.arthas.core.shell.system.JobController	0	0	0	6	0	5	creator	Factory Method	5	0
0	1	117	158	826	1061.2219742163145	154	1	6	147	33	47	com.taobao.arthas.core.shell.system.impl.InternalCommandManager	0	0	0	12	1	9			56	1
0	3	181	248	1279	1774.150782791553	155	-1	61	228	48	55	com.taobao.arthas.core.shell.system.impl.JobControllerImpl	0	0	1	28	3	14	adaptee	(Object)Adapter	69	-1
0	12	191	163	1051	1134.0720714529432	156	-1	31	267	50	39	com.taobao.arthas.core.shell.system.impl.JobImpl	0	0	0	16	12	18	context	State	57	-1
0	16	467	409	3147	3294.1698028993424	157	-1	293	627	74	43	com.taobao.arthas.core.shell.system.impl.ProcessImpl	0	0	0	25	23	30	context	State	73	-1
0	3	28	46	120	220.2246201679741	152	1	0	47	9	3	com.taobao.arthas.core.shell.system.impl.CommandCompletion	0	0	0	4	3	6	decorator	Decorator	9	1
0	3	74	122	306	698.2773824381904	153	-1	9	109	16	22	com.taobao.arthas.core.shell.system.impl.GlobalJobControllerImpl	2	4	0	14	3	6			28	0
-1	0	36	89	192	467.91708811047255	161	0	15	52	15	0	com.taobao.arthas.core.shell.term.Tty	0	0	0	1	0	6	state	State	6	0
-1	0	6	16	17	45.33141350489946	158	0	0	8	1	0	com.taobao.arthas.core.shell.term.SignalHandler	0	0	0	0	0	1	state	State	1	0
-1	0	61	115	357	675.9396149046585	159	0	78	92	20	0	com.taobao.arthas.core.shell.term.Term	0	0	0	4	0	13	state	State	13	0
-1	0	54	141	337	820.631693179683	160	-1	28	84	21	4	com.taobao.arthas.core.shell.term.TermServer	0	0	2	5	0	8	abstractClass	Template Method	12	-1
0	9	190	194	1081	1355.2145126220064	167	-1	68	246	64	45	com.taobao.arthas.core.shell.term.impl.TermImpl	0	0	0	22	10	25	context	State	70	-1
0	6	57	97	315	557.9995459660864	166	-1	7	84	13	17	com.taobao.arthas.core.shell.term.impl.TelnetTermServer	2	5	0	10	6	7			24	-1
0	4	55	80	338	465.8436716386415	162	1	1	79	13	16	com.taobao.arthas.core.shell.term.impl.CompletionAdaptor	0	0	0	7	4	6			22	1
0	1	30	59	167	301.9616349325886	164	-1	1	80	7	5	com.taobao.arthas.core.shell.term.impl.Helper	0	0	0	7	1	2			7	-1
0	3	23	50	116	237.67950955531822	163	0	0	41	4	6	com.taobao.arthas.core.shell.term.impl.CompletionHandler	0	0	0	10	3	2	context	State	8	0
0	6	56	93	310	533.5012236655649	165	-1	7	82	13	17	com.taobao.arthas.core.shell.term.impl.HttpTermServer	2	5	0	10	6	7			24	-1
0	8	112	186	646	1203.5687077035639	144	-1	54	172	34	39	com.taobao.arthas.core.shell.impl.ShellImpl	0	0	0	27	9	16	context	State	55	-1
1	1	12	27	38	98.21482631261242	143	0	0	39	3	4	com.taobao.arthas.core.shell.impl.BuiltinCommandResolver	0	0	0	11	1	2			6	0
0	14	169	237	1018	1641.3660617151809	145	-1	21	238	38	57	com.taobao.arthas.core.shell.impl.ShellServerImpl	8	6	0	32	15	14	adapter	(Object)Adapter	71	-1
1	1	13	30	47	115.50442805130176	125	0	0	22	2	3	com.taobao.arthas.core.shell.handlers.command.CommandInterruptHandler	0	0	1	2	1	2	context	State	5	0
1	2	16	37	70	157.1943239558263	127	0	0	26	3	3	com.taobao.arthas.core.shell.handlers.server.SessionsClosedHandler	0	0	0	3	2	2			5	0
1	5	35	63	200	333.7939940925263	128	0	0	49	5	12	com.taobao.arthas.core.shell.handlers.server.TermServerListenHandler	0	0	0	7	5	2			14	0
1	2	14	34	55	136.24932829790401	126	0	0	24	2	1	com.taobao.arthas.core.shell.handlers.server.SessionClosedHandler	0	0	0	4	2	2			3	0
1	1	12	29	43	109.0748033551133	129	0	0	21	2	1	com.taobao.arthas.core.shell.handlers.server.TermServerTermHandler	0	0	0	3	1	2			3	0
0	2	16	39	70	165.691314439925	122	0	0	29	3	4	com.taobao.arthas.core.shell.handlers.BindHandler	0	0	0	4	2	2			6	0
1	1	11	37	52	146.1960175875128	124	0	0	20	3	3	com.taobao.arthas.core.shell.handlers.NoOpHandler	0	0	0	3	1	1			4	0
-1	0	7	24	28	79.97290824420489	123	0	0	10	1	0	com.taobao.arthas.core.shell.handlers.Handler	0	0	0	0	0	1	state	State	1	0
1	1	12	30	44	113.52568901754783	137	0	0	20	2	1	com.taobao.arthas.core.shell.handlers.term.CloseHandlerWrapper	0	0	0	2	1	2	context	State	3	0
1	1	12	30	44	113.52568901754783	141	0	0	21	2	1	com.taobao.arthas.core.shell.handlers.term.SizeHandlerWrapper	0	0	0	3	1	2	context	State	3	0
1	1	22	37	57	149.59289690987836	139	0	0	31	4	3	com.taobao.arthas.core.shell.handlers.term.EventHandler	0	0	0	3	1	2			5	0
1	2	15	35	59	142.71381053670018	140	0	0	24	2	2	com.taobao.arthas.core.shell.handlers.term.RequestHandler	0	0	0	3	2	2	context	State	4	0
1	1	12	30	44	113.52568901754783	142	0	0	21	2	2	com.taobao.arthas.core.shell.handlers.term.StdinHandlerWrapper	0	0	0	3	1	2	context	State	4	0
1	1	13	30	47	115.50442805130176	138	0	0	22	2	3	com.taobao.arthas.core.shell.handlers.term.DefaultTermStdinHandler	0	0	0	2	1	2			5	0
1	1	18	40	78	174.26835306758366	136	0	0	32	4	5	com.taobao.arthas.core.shell.handlers.shell.SuspendHandler	0	0	0	5	1	2	adapter	(Object)Adapter	7	0
1	1	12	29	43	109.0748033551133	131	0	0	21	2	1	com.taobao.arthas.core.shell.handlers.shell.CommandManagerCompletionHandler	0	0	0	3	1	2			3	0
1	1	14	33	57	133.42069183854017	134	0	0	23	3	1	com.taobao.arthas.core.shell.handlers.shell.ShellForegroundUpdateHandler	0	0	0	3	1	2			3	0
1	1	15	35	63	145.00971542370365	133	0	0	24	4	2	com.taobao.arthas.core.shell.handlers.shell.InterruptHandler	0	0	0	2	1	2	adapter	(Object)Adapter	4	0
1	1	12	29	43	109.0748033551133	130	0	0	20	2	3	com.taobao.arthas.core.shell.handlers.shell.CloseHandler	0	0	0	2	1	2			5	0
1	1	14	30	54	119.66952139692823	270	0	0	24	3	2	com.taobao.arthas.core.shell.handlers.shell.QExitHandler	0	0	0	2	1	2	context	State	4	0
1	1	12	29	43	109.0748033551133	132	0	0	20	2	1	com.taobao.arthas.core.shell.handlers.shell.FutureHandler	0	0	0	2	1	2			3	0
0	2	157	137	941	938.031210123197	135	0	0	171	26	60	com.taobao.arthas.core.shell.handlers.shell.ShellLineHandler	0	0	0	9	2	9	context	State	69	0
0	1	78	115	303	657.0792726335774	146	0	66	110	26	0	com.taobao.arthas.core.shell.session.Session	0	0	0	4	6	12	state	State	12	0
0	3	55	82	248	452.10115718552856	147	-1	0	92	27	16	com.taobao.arthas.core.shell.session.impl.SessionImpl	0	0	0	9	4	12			28	-1
-1	0	19	27	74	116.2097575165126	272	-1	6	41	5	11	com.taobao.arthas.boot.DownloadUtilsTest	0	0	0	7	0	4			15	0
0	1	276	319	2202	2455.3817002131573	244	-1	66	376	50	90	com.taobao.arthas.boot.ProcessUtils	0	0	0	17	1	12			102	-1
0	6	430	605	2963	4836.344316282007	241	-1	697	637	74	92	com.taobao.arthas.boot.Bootstrap	0	0	0	30	21	39			131	-1
0	2	191	277	1258	1977.0261271211268	242	-1	28	242	34	61	com.taobao.arthas.boot.DownloadUtils	0	0	0	21	3	8			69	-1
